Period,Parameters,Final Value,Total Return %,CAGR %,Max Drawdown %,Sharpe Ratio,Trades,vs QQQ %,QQQ Return %
4Y,EMA(12/21) | SL:15%,21449.514149240295,114.49514149240298,21.035038992213597,-41.29066808045036,0.6616864998229364,22,57.9725310980518,56.52261039435118
4Y,EMA(12/21) | SL:15%,21449.514149240295,114.49514149240298,21.035038992213597,-41.29066808045036,0.6616864998229364,22,57.9725310980518,56.52261039435118
4Y,EMA(12/21) | SL:15%,21449.514149240295,114.49514149240298,21.035038992213597,-41.29066808045036,0.6616864998229364,22,57.9725310980518,56.52261039435118
4Y,EMA(12/21) | SL:15%,21449.514149240295,114.49514149240298,21.035038992213597,-41.29066808045036,0.6616864998229364,22,57.9725310980518,56.52261039435118
4Y,"EMA(12/21) | SL:15% | Pivot(7,7)",21449.514149240295,114.49514149240298,21.035038992213597,-41.29066808045036,0.6616864998229364,22,57.9725310980518,56.52261039435118
4Y,"EMA(12/21) | SL:15% | Pivot(7,5)",21449.514149240295,114.49514149240298,21.035038992213597,-41.29066808045036,0.6616864998229364,22,57.9725310980518,56.52261039435118
4Y,"EMA(12/21) | SL:15% | Pivot(5,7)",21449.514149240295,114.49514149240298,21.035038992213597,-41.29066808045036,0.6616864998229364,22,57.9725310980518,56.52261039435118
4Y,"EMA(12/21) | SL:15% | Pivot(5,5)",21449.514149240295,114.49514149240298,21.035038992213597,-41.29066808045036,0.6616864998229364,22,57.9725310980518,56.52261039435118
4Y,EMA(12/50) | RSI>50 | SL:15%,21263.760340256333,112.63760340256331,20.771961516180504,-33.789293550118884,0.7628285387770027,86,56.11499300821215,56.52261039435118
4Y,EMA(12/50) | RSI>50 | SL:15%,21263.760340256333,112.63760340256331,20.771961516180504,-33.789293550118884,0.7628285387770027,86,56.11499300821215,56.52261039435118
4Y,EMA(12/50) | RSI>50 | SL:15%,21263.760340256333,112.63760340256331,20.771961516180504,-33.789293550118884,0.7628285387770027,86,56.11499300821215,56.52261039435118
4Y,EMA(12/50) | RSI>50 | SL:15%,21263.760340256333,112.63760340256331,20.771961516180504,-33.789293550118884,0.7628285387770027,86,56.11499300821215,56.52261039435118
4Y,"EMA(12/50) | RSI>50 | SL:15% | Pivot(7,7)",21263.760340256333,112.63760340256331,20.771961516180504,-33.789293550118884,0.7628285387770027,86,56.11499300821215,56.52261039435118
4Y,"EMA(12/50) | RSI>50 | SL:15% | Pivot(7,5)",21263.760340256333,112.63760340256331,20.771961516180504,-33.789293550118884,0.7628285387770027,86,56.11499300821215,56.52261039435118
4Y,"EMA(12/50) | RSI>50 | SL:15% | Pivot(5,7)",21263.760340256333,112.63760340256331,20.771961516180504,-33.789293550118884,0.7628285387770027,86,56.11499300821215,56.52261039435118
4Y,"EMA(12/50) | RSI>50 | SL:15% | Pivot(5,5)",21263.760340256333,112.63760340256331,20.771961516180504,-33.789293550118884,0.7628285387770027,86,56.11499300821215,56.52261039435118
4Y,EMA(12/50) | RSI>50,21263.760340256333,112.63760340256331,20.771961516180504,-33.789293550118884,0.7628285387770027,86,56.11499300821215,56.52261039435118
4Y,EMA(12/50) | RSI>50,21263.760340256333,112.63760340256331,20.771961516180504,-33.789293550118884,0.7628285387770027,86,56.11499300821215,56.52261039435118
4Y,EMA(12/50) | RSI>50,21263.760340256333,112.63760340256331,20.771961516180504,-33.789293550118884,0.7628285387770027,86,56.11499300821215,56.52261039435118
4Y,EMA(12/50) | RSI>50,21263.760340256333,112.63760340256331,20.771961516180504,-33.789293550118884,0.7628285387770027,86,56.11499300821215,56.52261039435118
4Y,"EMA(12/50) | RSI>50 | Pivot(7,7)",21263.760340256333,112.63760340256331,20.771961516180504,-33.789293550118884,0.7628285387770027,86,56.11499300821215,56.52261039435118
4Y,"EMA(12/50) | RSI>50 | Pivot(7,5)",21263.760340256333,112.63760340256331,20.771961516180504,-33.789293550118884,0.7628285387770027,86,56.11499300821215,56.52261039435118
4Y,"EMA(12/50) | RSI>50 | Pivot(5,7)",21263.760340256333,112.63760340256331,20.771961516180504,-33.789293550118884,0.7628285387770027,86,56.11499300821215,56.52261039435118
4Y,"EMA(12/50) | RSI>50 | Pivot(5,5)",21263.760340256333,112.63760340256331,20.771961516180504,-33.789293550118884,0.7628285387770027,86,56.11499300821215,56.52261039435118
4Y,EMA(12/50) | RSI>50 | SL:10%,20913.439113502827,109.13439113502828,20.271085710834047,-33.564918370614336,0.749542925250524,86,52.6117807406771,56.52261039435118
4Y,EMA(12/50) | RSI>50 | SL:10%,20913.439113502827,109.13439113502828,20.271085710834047,-33.564918370614336,0.749542925250524,86,52.6117807406771,56.52261039435118
4Y,EMA(12/50) | RSI>50 | SL:10%,20913.439113502827,109.13439113502828,20.271085710834047,-33.564918370614336,0.749542925250524,86,52.6117807406771,56.52261039435118
4Y,EMA(12/50) | RSI>50 | SL:10%,20913.439113502827,109.13439113502828,20.271085710834047,-33.564918370614336,0.749542925250524,86,52.6117807406771,56.52261039435118
4Y,"EMA(12/50) | RSI>50 | SL:10% | Pivot(7,7)",20913.439113502827,109.13439113502828,20.271085710834047,-33.564918370614336,0.749542925250524,86,52.6117807406771,56.52261039435118
4Y,"EMA(12/50) | RSI>50 | SL:10% | Pivot(7,5)",20913.439113502827,109.13439113502828,20.271085710834047,-33.564918370614336,0.749542925250524,86,52.6117807406771,56.52261039435118
4Y,"EMA(12/50) | RSI>50 | SL:10% | Pivot(5,7)",20913.439113502827,109.13439113502828,20.271085710834047,-33.564918370614336,0.749542925250524,86,52.6117807406771,56.52261039435118
4Y,"EMA(12/50) | RSI>50 | SL:10% | Pivot(5,5)",20913.439113502827,109.13439113502828,20.271085710834047,-33.564918370614336,0.749542925250524,86,52.6117807406771,56.52261039435118
4Y,"EMA(50) | Pivot(5,5)",20197.40478423664,101.9740478423664,19.2274262528918,-53.11491722616537,0.6248932008271216,30,45.451437448015206,56.52261039435118
4Y,"EMA(50) | Pivot(5,7)",20197.40478423664,101.9740478423664,19.2274262528918,-53.11491722616537,0.6248932008271216,30,45.451437448015206,56.52261039435118
4Y,"EMA(50) | Pivot(7,5)",20197.40478423664,101.9740478423664,19.2274262528918,-53.11491722616537,0.6248932008271216,30,45.451437448015206,56.52261039435118
4Y,"EMA(50) | Pivot(7,7)",20197.40478423664,101.9740478423664,19.2274262528918,-53.11491722616537,0.6248932008271216,30,45.451437448015206,56.52261039435118
4Y,EMA(50),20197.40478423664,101.9740478423664,19.2274262528918,-53.11491722616537,0.6248932008271216,30,45.451437448015206,56.52261039435118
4Y,EMA(50),20197.40478423664,101.9740478423664,19.2274262528918,-53.11491722616537,0.6248932008271216,30,45.451437448015206,56.52261039435118
4Y,EMA(50),20197.40478423664,101.9740478423664,19.2274262528918,-53.11491722616537,0.6248932008271216,30,45.451437448015206,56.52261039435118
4Y,EMA(50),20197.40478423664,101.9740478423664,19.2274262528918,-53.11491722616537,0.6248932008271216,30,45.451437448015206,56.52261039435118
4Y,EMA(20) | RSI>50 | SL:15%,19679.5748295972,96.795748295972,18.45523891552816,-33.03426884576425,0.676859413034103,93,40.27313790162082,56.52261039435118
4Y,EMA(20) | RSI>50 | SL:15%,19679.5748295972,96.795748295972,18.45523891552816,-33.03426884576425,0.676859413034103,93,40.27313790162082,56.52261039435118
4Y,EMA(20) | RSI>50 | SL:15%,19679.5748295972,96.795748295972,18.45523891552816,-33.03426884576425,0.676859413034103,93,40.27313790162082,56.52261039435118
4Y,EMA(20) | RSI>50 | SL:15%,19679.5748295972,96.795748295972,18.45523891552816,-33.03426884576425,0.676859413034103,93,40.27313790162082,56.52261039435118
4Y,"EMA(20) | RSI>50 | SL:15% | Pivot(7,7)",19679.5748295972,96.795748295972,18.45523891552816,-33.03426884576425,0.676859413034103,93,40.27313790162082,56.52261039435118
4Y,"EMA(20) | RSI>50 | SL:15% | Pivot(7,5)",19679.5748295972,96.795748295972,18.45523891552816,-33.03426884576425,0.676859413034103,93,40.27313790162082,56.52261039435118
4Y,"EMA(20) | RSI>50 | SL:15% | Pivot(5,7)",19679.5748295972,96.795748295972,18.45523891552816,-33.03426884576425,0.676859413034103,93,40.27313790162082,56.52261039435118
4Y,"EMA(20) | RSI>50 | SL:15% | Pivot(5,5)",19679.5748295972,96.795748295972,18.45523891552816,-33.03426884576425,0.676859413034103,93,40.27313790162082,56.52261039435118
4Y,"EMA(20) | RSI>50 | SL:10% | Pivot(5,5)",19679.5748295972,96.795748295972,18.45523891552816,-33.03426884576425,0.676859413034103,93,40.27313790162082,56.52261039435118
4Y,"EMA(20) | RSI>50 | SL:10% | Pivot(5,7)",19679.5748295972,96.795748295972,18.45523891552816,-33.03426884576425,0.676859413034103,93,40.27313790162082,56.52261039435118
4Y,"EMA(20) | RSI>50 | SL:10% | Pivot(7,5)",19679.5748295972,96.795748295972,18.45523891552816,-33.03426884576425,0.676859413034103,93,40.27313790162082,56.52261039435118
4Y,"EMA(20) | RSI>50 | SL:10% | Pivot(7,7)",19679.5748295972,96.795748295972,18.45523891552816,-33.03426884576425,0.676859413034103,93,40.27313790162082,56.52261039435118
4Y,EMA(20) | RSI>50 | SL:10%,19679.5748295972,96.795748295972,18.45523891552816,-33.03426884576425,0.676859413034103,93,40.27313790162082,56.52261039435118
4Y,EMA(20) | RSI>50 | SL:10%,19679.5748295972,96.795748295972,18.45523891552816,-33.03426884576425,0.676859413034103,93,40.27313790162082,56.52261039435118
4Y,EMA(20) | RSI>50 | SL:10%,19679.5748295972,96.795748295972,18.45523891552816,-33.03426884576425,0.676859413034103,93,40.27313790162082,56.52261039435118
4Y,EMA(20) | RSI>50 | SL:10%,19679.5748295972,96.795748295972,18.45523891552816,-33.03426884576425,0.676859413034103,93,40.27313790162082,56.52261039435118
4Y,EMA(20) | RSI>50,19679.5748295972,96.795748295972,18.45523891552816,-33.03426884576425,0.676859413034103,93,40.27313790162082,56.52261039435118
4Y,EMA(20) | RSI>50,19679.5748295972,96.795748295972,18.45523891552816,-33.03426884576425,0.676859413034103,93,40.27313790162082,56.52261039435118
4Y,EMA(20) | RSI>50,19679.5748295972,96.795748295972,18.45523891552816,-33.03426884576425,0.676859413034103,93,40.27313790162082,56.52261039435118
4Y,EMA(20) | RSI>50,19679.5748295972,96.795748295972,18.45523891552816,-33.03426884576425,0.676859413034103,93,40.27313790162082,56.52261039435118
4Y,"EMA(20) | RSI>50 | Pivot(7,7)",19679.5748295972,96.795748295972,18.45523891552816,-33.03426884576425,0.676859413034103,93,40.27313790162082,56.52261039435118
4Y,"EMA(20) | RSI>50 | Pivot(7,5)",19679.5748295972,96.795748295972,18.45523891552816,-33.03426884576425,0.676859413034103,93,40.27313790162082,56.52261039435118
4Y,"EMA(20) | RSI>50 | Pivot(5,7)",19679.5748295972,96.795748295972,18.45523891552816,-33.03426884576425,0.676859413034103,93,40.27313790162082,56.52261039435118
4Y,"EMA(20) | RSI>50 | Pivot(5,5)",19679.5748295972,96.795748295972,18.45523891552816,-33.03426884576425,0.676859413034103,93,40.27313790162082,56.52261039435118
4Y,"EMA(12/21) | Pivot(5,5)",19475.09934849581,94.75099348495807,18.14612686123882,-46.85434772645973,0.6042941508769348,17,38.2283830906069,56.52261039435118
4Y,"EMA(12/21) | Pivot(5,7)",19475.09934849581,94.75099348495807,18.14612686123882,-46.85434772645973,0.6042941508769348,17,38.2283830906069,56.52261039435118
4Y,"EMA(12/21) | Pivot(7,5)",19475.09934849581,94.75099348495807,18.14612686123882,-46.85434772645973,0.6042941508769348,17,38.2283830906069,56.52261039435118
4Y,"EMA(12/21) | Pivot(7,7)",19475.09934849581,94.75099348495807,18.14612686123882,-46.85434772645973,0.6042941508769348,17,38.2283830906069,56.52261039435118
4Y,EMA(12/21),19475.09934849581,94.75099348495807,18.14612686123882,-46.85434772645973,0.6042941508769348,17,38.2283830906069,56.52261039435118
4Y,EMA(12/21),19475.09934849581,94.75099348495807,18.14612686123882,-46.85434772645973,0.6042941508769348,17,38.2283830906069,56.52261039435118
4Y,EMA(12/21),19475.09934849581,94.75099348495807,18.14612686123882,-46.85434772645973,0.6042941508769348,17,38.2283830906069,56.52261039435118
4Y,EMA(12/21),19475.09934849581,94.75099348495807,18.14612686123882,-46.85434772645973,0.6042941508769348,17,38.2283830906069,56.52261039435118
4Y,EMA(50) | RSI>50,18840.86594937824,88.4086594937824,17.171589446322244,-32.152860564140894,0.6671581114815343,88,31.88604909943121,56.52261039435118
4Y,EMA(50) | RSI>50,18840.86594937824,88.4086594937824,17.171589446322244,-32.152860564140894,0.6671581114815343,88,31.88604909943121,56.52261039435118
4Y,EMA(50) | RSI>50,18840.86594937824,88.4086594937824,17.171589446322244,-32.152860564140894,0.6671581114815343,88,31.88604909943121,56.52261039435118
4Y,EMA(50) | RSI>50,18840.86594937824,88.4086594937824,17.171589446322244,-32.152860564140894,0.6671581114815343,88,31.88604909943121,56.52261039435118
4Y,"EMA(50) | RSI>50 | Pivot(7,7)",18840.86594937824,88.4086594937824,17.171589446322244,-32.152860564140894,0.6671581114815343,88,31.88604909943121,56.52261039435118
4Y,"EMA(50) | RSI>50 | Pivot(7,5)",18840.86594937824,88.4086594937824,17.171589446322244,-32.152860564140894,0.6671581114815343,88,31.88604909943121,56.52261039435118
4Y,"EMA(50) | RSI>50 | Pivot(5,7)",18840.86594937824,88.4086594937824,17.171589446322244,-32.152860564140894,0.6671581114815343,88,31.88604909943121,56.52261039435118
4Y,"EMA(50) | RSI>50 | Pivot(5,5)",18840.86594937824,88.4086594937824,17.171589446322244,-32.152860564140894,0.6671581114815343,88,31.88604909943121,56.52261039435118
4Y,EMA(50) | RSI>50 | SL:15%,18840.86594937824,88.4086594937824,17.171589446322244,-32.152860564140894,0.6671581114815343,88,31.88604909943121,56.52261039435118
4Y,EMA(50) | RSI>50 | SL:15%,18840.86594937824,88.4086594937824,17.171589446322244,-32.152860564140894,0.6671581114815343,88,31.88604909943121,56.52261039435118
4Y,EMA(50) | RSI>50 | SL:15%,18840.86594937824,88.4086594937824,17.171589446322244,-32.152860564140894,0.6671581114815343,88,31.88604909943121,56.52261039435118
4Y,EMA(50) | RSI>50 | SL:15%,18840.86594937824,88.4086594937824,17.171589446322244,-32.152860564140894,0.6671581114815343,88,31.88604909943121,56.52261039435118
4Y,"EMA(50) | RSI>50 | SL:15% | Pivot(7,7)",18840.86594937824,88.4086594937824,17.171589446322244,-32.152860564140894,0.6671581114815343,88,31.88604909943121,56.52261039435118
4Y,"EMA(50) | RSI>50 | SL:15% | Pivot(7,5)",18840.86594937824,88.4086594937824,17.171589446322244,-32.152860564140894,0.6671581114815343,88,31.88604909943121,56.52261039435118
4Y,"EMA(50) | RSI>50 | SL:15% | Pivot(5,7)",18840.86594937824,88.4086594937824,17.171589446322244,-32.152860564140894,0.6671581114815343,88,31.88604909943121,56.52261039435118
4Y,"EMA(50) | RSI>50 | SL:15% | Pivot(5,5)",18840.86594937824,88.4086594937824,17.171589446322244,-32.152860564140894,0.6671581114815343,88,31.88604909943121,56.52261039435118
4Y,"EMA(9/50) | SL:15% | Pivot(5,5)",18755.903665839836,87.55903665839833,17.039179512919176,-45.645535753649725,0.5826239717270053,20,31.036426264047144,56.52261039435118
4Y,"EMA(9/50) | SL:15% | Pivot(5,7)",18755.903665839836,87.55903665839833,17.039179512919176,-45.645535753649725,0.5826239717270053,20,31.036426264047144,56.52261039435118
4Y,"EMA(9/50) | SL:15% | Pivot(7,5)",18755.903665839836,87.55903665839833,17.039179512919176,-45.645535753649725,0.5826239717270053,20,31.036426264047144,56.52261039435118
4Y,"EMA(9/50) | SL:15% | Pivot(7,7)",18755.903665839836,87.55903665839833,17.039179512919176,-45.645535753649725,0.5826239717270053,20,31.036426264047144,56.52261039435118
4Y,EMA(9/50) | SL:15%,18755.903665839836,87.55903665839833,17.039179512919176,-45.645535753649725,0.5826239717270053,20,31.036426264047144,56.52261039435118
4Y,EMA(9/50) | SL:15%,18755.903665839836,87.55903665839833,17.039179512919176,-45.645535753649725,0.5826239717270053,20,31.036426264047144,56.52261039435118
4Y,EMA(9/50) | SL:15%,18755.903665839836,87.55903665839833,17.039179512919176,-45.645535753649725,0.5826239717270053,20,31.036426264047144,56.52261039435118
4Y,EMA(9/50) | SL:15%,18755.903665839836,87.55903665839833,17.039179512919176,-45.645535753649725,0.5826239717270053,20,31.036426264047144,56.52261039435118
4Y,"EMA(12/50) | SL:15% | Pivot(5,5)",18669.769555764007,86.69769555764007,16.90448344343607,-48.20701788227675,0.5784203657727572,21,30.17508516328889,56.52261039435118
4Y,"EMA(12/50) | SL:15% | Pivot(5,7)",18669.769555764007,86.69769555764007,16.90448344343607,-48.20701788227675,0.5784203657727572,21,30.17508516328889,56.52261039435118
4Y,"EMA(12/50) | SL:15% | Pivot(7,5)",18669.769555764007,86.69769555764007,16.90448344343607,-48.20701788227675,0.5784203657727572,21,30.17508516328889,56.52261039435118
4Y,"EMA(12/50) | SL:15% | Pivot(7,7)",18669.769555764007,86.69769555764007,16.90448344343607,-48.20701788227675,0.5784203657727572,21,30.17508516328889,56.52261039435118
4Y,EMA(12/50) | SL:15%,18669.769555764007,86.69769555764007,16.90448344343607,-48.20701788227675,0.5784203657727572,21,30.17508516328889,56.52261039435118
4Y,EMA(12/50) | SL:15%,18669.769555764007,86.69769555764007,16.90448344343607,-48.20701788227675,0.5784203657727572,21,30.17508516328889,56.52261039435118
4Y,EMA(12/50) | SL:15%,18669.769555764007,86.69769555764007,16.90448344343607,-48.20701788227675,0.5784203657727572,21,30.17508516328889,56.52261039435118
4Y,EMA(12/50) | SL:15%,18669.769555764007,86.69769555764007,16.90448344343607,-48.20701788227675,0.5784203657727572,21,30.17508516328889,56.52261039435118
4Y,"EMA(50) | SL:15% | Pivot(5,5)",18627.27255962983,86.2727255962983,16.837855137340885,-53.05002675910243,0.5787137906498359,34,29.75011520194712,56.52261039435118
4Y,"EMA(50) | SL:15% | Pivot(5,7)",18627.27255962983,86.2727255962983,16.837855137340885,-53.05002675910243,0.5787137906498359,34,29.75011520194712,56.52261039435118
4Y,"EMA(50) | SL:15% | Pivot(7,5)",18627.27255962983,86.2727255962983,16.837855137340885,-53.05002675910243,0.5787137906498359,34,29.75011520194712,56.52261039435118
4Y,"EMA(50) | SL:15% | Pivot(7,7)",18627.27255962983,86.2727255962983,16.837855137340885,-53.05002675910243,0.5787137906498359,34,29.75011520194712,56.52261039435118
4Y,EMA(50) | SL:15%,18627.27255962983,86.2727255962983,16.837855137340885,-53.05002675910243,0.5787137906498359,34,29.75011520194712,56.52261039435118
4Y,EMA(50) | SL:15%,18627.27255962983,86.2727255962983,16.837855137340885,-53.05002675910243,0.5787137906498359,34,29.75011520194712,56.52261039435118
4Y,EMA(50) | SL:15%,18627.27255962983,86.2727255962983,16.837855137340885,-53.05002675910243,0.5787137906498359,34,29.75011520194712,56.52261039435118
4Y,EMA(50) | SL:15%,18627.27255962983,86.2727255962983,16.837855137340885,-53.05002675910243,0.5787137906498359,34,29.75011520194712,56.52261039435118
4Y,"EMA(12/50) | Pivot(5,5)",18608.857901602645,86.08857901602646,16.808948580718884,-52.05368766602331,0.5745316855536047,11,29.565968621675275,56.52261039435118
4Y,"EMA(12/50) | Pivot(5,7)",18608.857901602645,86.08857901602646,16.808948580718884,-52.05368766602331,0.5745316855536047,11,29.565968621675275,56.52261039435118
4Y,"EMA(12/50) | Pivot(7,5)",18608.857901602645,86.08857901602646,16.808948580718884,-52.05368766602331,0.5745316855536047,11,29.565968621675275,56.52261039435118
4Y,"EMA(12/50) | Pivot(7,7)",18608.857901602645,86.08857901602646,16.808948580718884,-52.05368766602331,0.5745316855536047,11,29.565968621675275,56.52261039435118
4Y,EMA(12/50),18608.857901602645,86.08857901602646,16.808948580718884,-52.05368766602331,0.5745316855536047,11,29.565968621675275,56.52261039435118
4Y,EMA(12/50),18608.857901602645,86.08857901602646,16.808948580718884,-52.05368766602331,0.5745316855536047,11,29.565968621675275,56.52261039435118
4Y,EMA(12/50),18608.857901602645,86.08857901602646,16.808948580718884,-52.05368766602331,0.5745316855536047,11,29.565968621675275,56.52261039435118
4Y,EMA(12/50),18608.857901602645,86.08857901602646,16.808948580718884,-52.05368766602331,0.5745316855536047,11,29.565968621675275,56.52261039435118
4Y,EMA(50) | RSI>50 | SL:10%,18530.46199603848,85.30461996038481,16.685645411871917,-31.922939832192306,0.653837992441758,88,28.78200956603363,56.52261039435118
4Y,EMA(50) | RSI>50 | SL:10%,18530.46199603848,85.30461996038481,16.685645411871917,-31.922939832192306,0.653837992441758,88,28.78200956603363,56.52261039435118
4Y,EMA(50) | RSI>50 | SL:10%,18530.46199603848,85.30461996038481,16.685645411871917,-31.922939832192306,0.653837992441758,88,28.78200956603363,56.52261039435118
4Y,EMA(50) | RSI>50 | SL:10%,18530.46199603848,85.30461996038481,16.685645411871917,-31.922939832192306,0.653837992441758,88,28.78200956603363,56.52261039435118
4Y,"EMA(50) | RSI>50 | SL:10% | Pivot(7,7)",18530.46199603848,85.30461996038481,16.685645411871917,-31.922939832192306,0.653837992441758,88,28.78200956603363,56.52261039435118
4Y,"EMA(50) | RSI>50 | SL:10% | Pivot(7,5)",18530.46199603848,85.30461996038481,16.685645411871917,-31.922939832192306,0.653837992441758,88,28.78200956603363,56.52261039435118
4Y,"EMA(50) | RSI>50 | SL:10% | Pivot(5,7)",18530.46199603848,85.30461996038481,16.685645411871917,-31.922939832192306,0.653837992441758,88,28.78200956603363,56.52261039435118
4Y,"EMA(50) | RSI>50 | SL:10% | Pivot(5,5)",18530.46199603848,85.30461996038481,16.685645411871917,-31.922939832192306,0.653837992441758,88,28.78200956603363,56.52261039435118
4Y,"EMA(9/50) | RSI>50 | SL:15% | Pivot(5,5)",18518.83227930964,85.18832279309642,16.66732058399052,-27.843470753207757,0.6554688617195418,86,28.665712398745235,56.52261039435118
4Y,"EMA(9/50) | RSI>50 | SL:15% | Pivot(5,7)",18518.83227930964,85.18832279309642,16.66732058399052,-27.843470753207757,0.6554688617195418,86,28.665712398745235,56.52261039435118
4Y,"EMA(9/50) | RSI>50 | SL:15% | Pivot(7,5)",18518.83227930964,85.18832279309642,16.66732058399052,-27.843470753207757,0.6554688617195418,86,28.665712398745235,56.52261039435118
4Y,"EMA(9/50) | RSI>50 | SL:15% | Pivot(7,7)",18518.83227930964,85.18832279309642,16.66732058399052,-27.843470753207757,0.6554688617195418,86,28.665712398745235,56.52261039435118
4Y,EMA(9/50) | RSI>50 | SL:15%,18518.83227930964,85.18832279309642,16.66732058399052,-27.843470753207757,0.6554688617195418,86,28.665712398745235,56.52261039435118
4Y,EMA(9/50) | RSI>50 | SL:15%,18518.83227930964,85.18832279309642,16.66732058399052,-27.843470753207757,0.6554688617195418,86,28.665712398745235,56.52261039435118
4Y,EMA(9/50) | RSI>50 | SL:15%,18518.83227930964,85.18832279309642,16.66732058399052,-27.843470753207757,0.6554688617195418,86,28.665712398745235,56.52261039435118
4Y,EMA(9/50) | RSI>50 | SL:15%,18518.83227930964,85.18832279309642,16.66732058399052,-27.843470753207757,0.6554688617195418,86,28.665712398745235,56.52261039435118
4Y,EMA(9/50) | RSI>50,18518.83227930964,85.18832279309642,16.66732058399052,-27.843470753207757,0.6554688617195418,86,28.665712398745235,56.52261039435118
4Y,EMA(9/50) | RSI>50,18518.83227930964,85.18832279309642,16.66732058399052,-27.843470753207757,0.6554688617195418,86,28.665712398745235,56.52261039435118
4Y,EMA(9/50) | RSI>50,18518.83227930964,85.18832279309642,16.66732058399052,-27.843470753207757,0.6554688617195418,86,28.665712398745235,56.52261039435118
4Y,EMA(9/50) | RSI>50,18518.83227930964,85.18832279309642,16.66732058399052,-27.843470753207757,0.6554688617195418,86,28.665712398745235,56.52261039435118
4Y,"EMA(9/50) | RSI>50 | Pivot(7,7)",18518.83227930964,85.18832279309642,16.66732058399052,-27.843470753207757,0.6554688617195418,86,28.665712398745235,56.52261039435118
4Y,"EMA(9/50) | RSI>50 | Pivot(7,5)",18518.83227930964,85.18832279309642,16.66732058399052,-27.843470753207757,0.6554688617195418,86,28.665712398745235,56.52261039435118
4Y,"EMA(9/50) | RSI>50 | Pivot(5,7)",18518.83227930964,85.18832279309642,16.66732058399052,-27.843470753207757,0.6554688617195418,86,28.665712398745235,56.52261039435118
4Y,"EMA(9/50) | RSI>50 | Pivot(5,5)",18518.83227930964,85.18832279309642,16.66732058399052,-27.843470753207757,0.6554688617195418,86,28.665712398745235,56.52261039435118
4Y,"EMA(12/50) | SL:10% | Pivot(5,5)",18250.872995168167,82.50872995168167,16.24268988274029,-50.95562081480639,0.5652375986293706,39,25.98611955733049,56.52261039435118
4Y,"EMA(12/50) | SL:10% | Pivot(5,7)",18250.872995168167,82.50872995168167,16.24268988274029,-50.95562081480639,0.5652375986293706,39,25.98611955733049,56.52261039435118
4Y,"EMA(12/50) | SL:10% | Pivot(7,5)",18250.872995168167,82.50872995168167,16.24268988274029,-50.95562081480639,0.5652375986293706,39,25.98611955733049,56.52261039435118
4Y,"EMA(12/50) | SL:10% | Pivot(7,7)",18250.872995168167,82.50872995168167,16.24268988274029,-50.95562081480639,0.5652375986293706,39,25.98611955733049,56.52261039435118
4Y,EMA(12/50) | SL:10%,18250.872995168167,82.50872995168167,16.24268988274029,-50.95562081480639,0.5652375986293706,39,25.98611955733049,56.52261039435118
4Y,EMA(12/50) | SL:10%,18250.872995168167,82.50872995168167,16.24268988274029,-50.95562081480639,0.5652375986293706,39,25.98611955733049,56.52261039435118
4Y,EMA(12/50) | SL:10%,18250.872995168167,82.50872995168167,16.24268988274029,-50.95562081480639,0.5652375986293706,39,25.98611955733049,56.52261039435118
4Y,EMA(12/50) | SL:10%,18250.872995168167,82.50872995168167,16.24268988274029,-50.95562081480639,0.5652375986293706,39,25.98611955733049,56.52261039435118
4Y,EMA(9/50) | RSI>50 | SL:10%,18213.73384242365,82.13733842423655,16.183467896483307,-27.5989463391022,0.6420451528940462,86,25.614728029885363,56.52261039435118
4Y,EMA(9/50) | RSI>50 | SL:10%,18213.73384242365,82.13733842423655,16.183467896483307,-27.5989463391022,0.6420451528940462,86,25.614728029885363,56.52261039435118
4Y,EMA(9/50) | RSI>50 | SL:10%,18213.73384242365,82.13733842423655,16.183467896483307,-27.5989463391022,0.6420451528940462,86,25.614728029885363,56.52261039435118
4Y,EMA(9/50) | RSI>50 | SL:10%,18213.73384242365,82.13733842423655,16.183467896483307,-27.5989463391022,0.6420451528940462,86,25.614728029885363,56.52261039435118
4Y,"EMA(9/50) | RSI>50 | SL:10% | Pivot(7,7)",18213.73384242365,82.13733842423655,16.183467896483307,-27.5989463391022,0.6420451528940462,86,25.614728029885363,56.52261039435118
4Y,"EMA(9/50) | RSI>50 | SL:10% | Pivot(7,5)",18213.73384242365,82.13733842423655,16.183467896483307,-27.5989463391022,0.6420451528940462,86,25.614728029885363,56.52261039435118
4Y,"EMA(9/50) | RSI>50 | SL:10% | Pivot(5,7)",18213.73384242365,82.13733842423655,16.183467896483307,-27.5989463391022,0.6420451528940462,86,25.614728029885363,56.52261039435118
4Y,"EMA(9/50) | RSI>50 | SL:10% | Pivot(5,5)",18213.73384242365,82.13733842423655,16.183467896483307,-27.5989463391022,0.6420451528940462,86,25.614728029885363,56.52261039435118
4Y,"EMA(9/50) | Pivot(5,5)",17371.051975849332,73.71051975849332,14.814726614462682,-47.19642885484275,0.5375099979699205,14,17.187909364142136,56.52261039435118
4Y,"EMA(9/50) | Pivot(5,7)",17371.051975849332,73.71051975849332,14.814726614462682,-47.19642885484275,0.5375099979699205,14,17.187909364142136,56.52261039435118
4Y,"EMA(9/50) | Pivot(7,5)",17371.051975849332,73.71051975849332,14.814726614462682,-47.19642885484275,0.5375099979699205,14,17.187909364142136,56.52261039435118
4Y,"EMA(9/50) | Pivot(7,7)",17371.051975849332,73.71051975849332,14.814726614462682,-47.19642885484275,0.5375099979699205,14,17.187909364142136,56.52261039435118
4Y,EMA(9/50),17371.051975849332,73.71051975849332,14.814726614462682,-47.19642885484275,0.5375099979699205,14,17.187909364142136,56.52261039435118
4Y,EMA(9/50),17371.051975849332,73.71051975849332,14.814726614462682,-47.19642885484275,0.5375099979699205,14,17.187909364142136,56.52261039435118
4Y,EMA(9/50),17371.051975849332,73.71051975849332,14.814726614462682,-47.19642885484275,0.5375099979699205,14,17.187909364142136,56.52261039435118
4Y,EMA(9/50),17371.051975849332,73.71051975849332,14.814726614462682,-47.19642885484275,0.5375099979699205,14,17.187909364142136,56.52261039435118
4Y,"EMA(9/50) | SL:10% | Pivot(5,5)",16851.219715490693,68.51219715490694,13.94535926134408,-45.40117462385342,0.521282675633582,41,11.98958676055576,56.52261039435118
4Y,"EMA(9/50) | SL:10% | Pivot(5,7)",16851.219715490693,68.51219715490694,13.94535926134408,-45.40117462385342,0.521282675633582,41,11.98958676055576,56.52261039435118
4Y,"EMA(9/50) | SL:10% | Pivot(7,5)",16851.219715490693,68.51219715490694,13.94535926134408,-45.40117462385342,0.521282675633582,41,11.98958676055576,56.52261039435118
4Y,"EMA(9/50) | SL:10% | Pivot(7,7)",16851.219715490693,68.51219715490694,13.94535926134408,-45.40117462385342,0.521282675633582,41,11.98958676055576,56.52261039435118
4Y,EMA(9/50) | SL:10%,16851.219715490693,68.51219715490694,13.94535926134408,-45.40117462385342,0.521282675633582,41,11.98958676055576,56.52261039435118
4Y,EMA(9/50) | SL:10%,16851.219715490693,68.51219715490694,13.94535926134408,-45.40117462385342,0.521282675633582,41,11.98958676055576,56.52261039435118
4Y,EMA(9/50) | SL:10%,16851.219715490693,68.51219715490694,13.94535926134408,-45.40117462385342,0.521282675633582,41,11.98958676055576,56.52261039435118
4Y,EMA(9/50) | SL:10%,16851.219715490693,68.51219715490694,13.94535926134408,-45.40117462385342,0.521282675633582,41,11.98958676055576,56.52261039435118
4Y,EMA(50) | SL:10%,16492.943361261587,64.92943361261587,13.334400182537289,-54.4146211740504,0.5091758023481736,42,8.406823218264684,56.52261039435118
4Y,EMA(50) | SL:10%,16492.943361261587,64.92943361261587,13.334400182537289,-54.4146211740504,0.5091758023481736,42,8.406823218264684,56.52261039435118
4Y,EMA(50) | SL:10%,16492.943361261587,64.92943361261587,13.334400182537289,-54.4146211740504,0.5091758023481736,42,8.406823218264684,56.52261039435118
4Y,EMA(50) | SL:10%,16492.943361261587,64.92943361261587,13.334400182537289,-54.4146211740504,0.5091758023481736,42,8.406823218264684,56.52261039435118
4Y,"EMA(50) | SL:10% | Pivot(7,7)",16492.943361261587,64.92943361261587,13.334400182537289,-54.4146211740504,0.5091758023481736,42,8.406823218264684,56.52261039435118
4Y,"EMA(50) | SL:10% | Pivot(7,5)",16492.943361261587,64.92943361261587,13.334400182537289,-54.4146211740504,0.5091758023481736,42,8.406823218264684,56.52261039435118
4Y,"EMA(50) | SL:10% | Pivot(5,7)",16492.943361261587,64.92943361261587,13.334400182537289,-54.4146211740504,0.5091758023481736,42,8.406823218264684,56.52261039435118
4Y,"EMA(50) | SL:10% | Pivot(5,5)",16492.943361261587,64.92943361261587,13.334400182537289,-54.4146211740504,0.5091758023481736,42,8.406823218264684,56.52261039435118
4Y,EMA(9/21) | SL:15%,15971.185355920272,59.71185355920272,12.426607390977496,-54.94881267423012,0.4893484751188037,24,3.18924316485154,56.52261039435118
4Y,EMA(9/21) | SL:15%,15971.185355920272,59.71185355920272,12.426607390977496,-54.94881267423012,0.4893484751188037,24,3.18924316485154,56.52261039435118
4Y,EMA(9/21) | SL:15%,15971.185355920272,59.71185355920272,12.426607390977496,-54.94881267423012,0.4893484751188037,24,3.18924316485154,56.52261039435118
4Y,EMA(9/21) | SL:15%,15971.185355920272,59.71185355920272,12.426607390977496,-54.94881267423012,0.4893484751188037,24,3.18924316485154,56.52261039435118
4Y,"EMA(9/21) | SL:15% | Pivot(7,7)",15971.185355920272,59.71185355920272,12.426607390977496,-54.94881267423012,0.4893484751188037,24,3.18924316485154,56.52261039435118
4Y,"EMA(9/21) | SL:15% | Pivot(7,5)",15971.185355920272,59.71185355920272,12.426607390977496,-54.94881267423012,0.4893484751188037,24,3.18924316485154,56.52261039435118
4Y,"EMA(9/21) | SL:15% | Pivot(5,7)",15971.185355920272,59.71185355920272,12.426607390977496,-54.94881267423012,0.4893484751188037,24,3.18924316485154,56.52261039435118
4Y,"EMA(9/21) | SL:15% | Pivot(5,5)",15971.185355920272,59.71185355920272,12.426607390977496,-54.94881267423012,0.4893484751188037,24,3.18924316485154,56.52261039435118
4Y,"EMA(12/21) | RSI>50 | Pivot(5,5)",15445.661735741523,54.45661735741524,11.48949793885954,-27.169273209760025,0.5008554507704792,83,-2.065993036935943,56.52261039435118
4Y,"EMA(12/21) | RSI>50 | Pivot(5,7)",15445.661735741523,54.45661735741524,11.48949793885954,-27.169273209760025,0.5008554507704792,83,-2.065993036935943,56.52261039435118
4Y,"EMA(12/21) | RSI>50 | Pivot(7,5)",15445.661735741523,54.45661735741524,11.48949793885954,-27.169273209760025,0.5008554507704792,83,-2.065993036935943,56.52261039435118
4Y,"EMA(12/21) | RSI>50 | Pivot(7,7)",15445.661735741523,54.45661735741524,11.48949793885954,-27.169273209760025,0.5008554507704792,83,-2.065993036935943,56.52261039435118
4Y,EMA(12/21) | RSI>50,15445.661735741523,54.45661735741524,11.48949793885954,-27.169273209760025,0.5008554507704792,83,-2.065993036935943,56.52261039435118
4Y,EMA(12/21) | RSI>50,15445.661735741523,54.45661735741524,11.48949793885954,-27.169273209760025,0.5008554507704792,83,-2.065993036935943,56.52261039435118
4Y,EMA(12/21) | RSI>50,15445.661735741523,54.45661735741524,11.48949793885954,-27.169273209760025,0.5008554507704792,83,-2.065993036935943,56.52261039435118
4Y,EMA(12/21) | RSI>50,15445.661735741523,54.45661735741524,11.48949793885954,-27.169273209760025,0.5008554507704792,83,-2.065993036935943,56.52261039435118
4Y,EMA(12/21) | RSI>50 | SL:15%,15445.661735741523,54.45661735741524,11.48949793885954,-27.169273209760025,0.5008554507704792,83,-2.065993036935943,56.52261039435118
4Y,EMA(12/21) | RSI>50 | SL:15%,15445.661735741523,54.45661735741524,11.48949793885954,-27.169273209760025,0.5008554507704792,83,-2.065993036935943,56.52261039435118
4Y,EMA(12/21) | RSI>50 | SL:15%,15445.661735741523,54.45661735741524,11.48949793885954,-27.169273209760025,0.5008554507704792,83,-2.065993036935943,56.52261039435118
4Y,EMA(12/21) | RSI>50 | SL:15%,15445.661735741523,54.45661735741524,11.48949793885954,-27.169273209760025,0.5008554507704792,83,-2.065993036935943,56.52261039435118
4Y,"EMA(12/21) | RSI>50 | SL:15% | Pivot(7,7)",15445.661735741523,54.45661735741524,11.48949793885954,-27.169273209760025,0.5008554507704792,83,-2.065993036935943,56.52261039435118
4Y,"EMA(12/21) | RSI>50 | SL:15% | Pivot(7,5)",15445.661735741523,54.45661735741524,11.48949793885954,-27.169273209760025,0.5008554507704792,83,-2.065993036935943,56.52261039435118
4Y,"EMA(12/21) | RSI>50 | SL:15% | Pivot(5,7)",15445.661735741523,54.45661735741524,11.48949793885954,-27.169273209760025,0.5008554507704792,83,-2.065993036935943,56.52261039435118
4Y,"EMA(12/21) | RSI>50 | SL:15% | Pivot(5,5)",15445.661735741523,54.45661735741524,11.48949793885954,-27.169273209760025,0.5008554507704792,83,-2.065993036935943,56.52261039435118
4Y,EMA(12/21) | SL:10%,15238.594003234111,52.38594003234112,11.11368497879326,-50.49045501691701,0.4629820978749271,38,-4.136670362010065,56.52261039435118
4Y,EMA(12/21) | SL:10%,15238.594003234111,52.38594003234112,11.11368497879326,-50.49045501691701,0.4629820978749271,38,-4.136670362010065,56.52261039435118
4Y,EMA(12/21) | SL:10%,15238.594003234111,52.38594003234112,11.11368497879326,-50.49045501691701,0.4629820978749271,38,-4.136670362010065,56.52261039435118
4Y,EMA(12/21) | SL:10%,15238.594003234111,52.38594003234112,11.11368497879326,-50.49045501691701,0.4629820978749271,38,-4.136670362010065,56.52261039435118
4Y,"EMA(12/21) | SL:10% | Pivot(7,7)",15238.594003234111,52.38594003234112,11.11368497879326,-50.49045501691701,0.4629820978749271,38,-4.136670362010065,56.52261039435118
4Y,"EMA(12/21) | SL:10% | Pivot(7,5)",15238.594003234111,52.38594003234112,11.11368497879326,-50.49045501691701,0.4629820978749271,38,-4.136670362010065,56.52261039435118
4Y,"EMA(12/21) | SL:10% | Pivot(5,7)",15238.594003234111,52.38594003234112,11.11368497879326,-50.49045501691701,0.4629820978749271,38,-4.136670362010065,56.52261039435118
4Y,"EMA(12/21) | SL:10% | Pivot(5,5)",15238.594003234111,52.38594003234112,11.11368497879326,-50.49045501691701,0.4629820978749271,38,-4.136670362010065,56.52261039435118
4Y,"EMA(12/21) | RSI>50 | SL:10% | Pivot(5,5)",15191.19389559,51.911938955899984,11.027119160153376,-27.169273209760025,0.487912582782922,83,-4.610671438451199,56.52261039435118
4Y,"EMA(12/21) | RSI>50 | SL:10% | Pivot(5,7)",15191.19389559,51.911938955899984,11.027119160153376,-27.169273209760025,0.487912582782922,83,-4.610671438451199,56.52261039435118
4Y,"EMA(12/21) | RSI>50 | SL:10% | Pivot(7,5)",15191.19389559,51.911938955899984,11.027119160153376,-27.169273209760025,0.487912582782922,83,-4.610671438451199,56.52261039435118
4Y,"EMA(12/21) | RSI>50 | SL:10% | Pivot(7,7)",15191.19389559,51.911938955899984,11.027119160153376,-27.169273209760025,0.487912582782922,83,-4.610671438451199,56.52261039435118
4Y,EMA(12/21) | RSI>50 | SL:10%,15191.19389559,51.911938955899984,11.027119160153376,-27.169273209760025,0.487912582782922,83,-4.610671438451199,56.52261039435118
4Y,EMA(12/21) | RSI>50 | SL:10%,15191.19389559,51.911938955899984,11.027119160153376,-27.169273209760025,0.487912582782922,83,-4.610671438451199,56.52261039435118
4Y,EMA(12/21) | RSI>50 | SL:10%,15191.19389559,51.911938955899984,11.027119160153376,-27.169273209760025,0.487912582782922,83,-4.610671438451199,56.52261039435118
4Y,EMA(12/21) | RSI>50 | SL:10%,15191.19389559,51.911938955899984,11.027119160153376,-27.169273209760025,0.487912582782922,83,-4.610671438451199,56.52261039435118
4Y,"EMA(9/21) | Pivot(5,5)",15014.99812670874,50.14998126708738,10.703549904404142,-59.35781340074608,0.4535181531986596,20,-6.372629127263799,56.52261039435118
4Y,"EMA(9/21) | Pivot(5,7)",15014.99812670874,50.14998126708738,10.703549904404142,-59.35781340074608,0.4535181531986596,20,-6.372629127263799,56.52261039435118
4Y,"EMA(9/21) | Pivot(7,5)",15014.99812670874,50.14998126708738,10.703549904404142,-59.35781340074608,0.4535181531986596,20,-6.372629127263799,56.52261039435118
4Y,"EMA(9/21) | Pivot(7,7)",15014.99812670874,50.14998126708738,10.703549904404142,-59.35781340074608,0.4535181531986596,20,-6.372629127263799,56.52261039435118
4Y,EMA(9/21),15014.99812670874,50.14998126708738,10.703549904404142,-59.35781340074608,0.4535181531986596,20,-6.372629127263799,56.52261039435118
4Y,EMA(9/21),15014.99812670874,50.14998126708738,10.703549904404142,-59.35781340074608,0.4535181531986596,20,-6.372629127263799,56.52261039435118
4Y,EMA(9/21),15014.99812670874,50.14998126708738,10.703549904404142,-59.35781340074608,0.4535181531986596,20,-6.372629127263799,56.52261039435118
4Y,EMA(9/21),15014.99812670874,50.14998126708738,10.703549904404142,-59.35781340074608,0.4535181531986596,20,-6.372629127263799,56.52261039435118
4Y,EMA(9/21) | RSI>50,12121.975527324486,21.219755273244864,4.931930090942704,-43.31313787656916,0.3125197574367382,85,-35.30285512110632,56.52261039435118
4Y,EMA(9/21) | RSI>50,12121.975527324486,21.219755273244864,4.931930090942704,-43.31313787656916,0.3125197574367382,85,-35.30285512110632,56.52261039435118
4Y,EMA(9/21) | RSI>50,12121.975527324486,21.219755273244864,4.931930090942704,-43.31313787656916,0.3125197574367382,85,-35.30285512110632,56.52261039435118
4Y,EMA(9/21) | RSI>50,12121.975527324486,21.219755273244864,4.931930090942704,-43.31313787656916,0.3125197574367382,85,-35.30285512110632,56.52261039435118
4Y,"EMA(9/21) | RSI>50 | Pivot(7,7)",12121.975527324486,21.219755273244864,4.931930090942704,-43.31313787656916,0.3125197574367382,85,-35.30285512110632,56.52261039435118
4Y,"EMA(9/21) | RSI>50 | Pivot(7,5)",12121.975527324486,21.219755273244864,4.931930090942704,-43.31313787656916,0.3125197574367382,85,-35.30285512110632,56.52261039435118
4Y,"EMA(9/21) | RSI>50 | Pivot(5,7)",12121.975527324486,21.219755273244864,4.931930090942704,-43.31313787656916,0.3125197574367382,85,-35.30285512110632,56.52261039435118
4Y,"EMA(9/21) | RSI>50 | Pivot(5,5)",12121.975527324486,21.219755273244864,4.931930090942704,-43.31313787656916,0.3125197574367382,85,-35.30285512110632,56.52261039435118
4Y,EMA(9/21) | RSI>50 | SL:15%,12121.975527324486,21.219755273244864,4.931930090942704,-43.31313787656916,0.3125197574367382,85,-35.30285512110632,56.52261039435118
4Y,EMA(9/21) | RSI>50 | SL:15%,12121.975527324486,21.219755273244864,4.931930090942704,-43.31313787656916,0.3125197574367382,85,-35.30285512110632,56.52261039435118
4Y,EMA(9/21) | RSI>50 | SL:15%,12121.975527324486,21.219755273244864,4.931930090942704,-43.31313787656916,0.3125197574367382,85,-35.30285512110632,56.52261039435118
4Y,EMA(9/21) | RSI>50 | SL:15%,12121.975527324486,21.219755273244864,4.931930090942704,-43.31313787656916,0.3125197574367382,85,-35.30285512110632,56.52261039435118
4Y,"EMA(9/21) | RSI>50 | SL:15% | Pivot(7,7)",12121.975527324486,21.219755273244864,4.931930090942704,-43.31313787656916,0.3125197574367382,85,-35.30285512110632,56.52261039435118
4Y,"EMA(9/21) | RSI>50 | SL:15% | Pivot(7,5)",12121.975527324486,21.219755273244864,4.931930090942704,-43.31313787656916,0.3125197574367382,85,-35.30285512110632,56.52261039435118
4Y,"EMA(9/21) | RSI>50 | SL:15% | Pivot(5,7)",12121.975527324486,21.219755273244864,4.931930090942704,-43.31313787656916,0.3125197574367382,85,-35.30285512110632,56.52261039435118
4Y,"EMA(9/21) | RSI>50 | SL:15% | Pivot(5,5)",12121.975527324486,21.219755273244864,4.931930090942704,-43.31313787656916,0.3125197574367382,85,-35.30285512110632,56.52261039435118
4Y,EMA(9/21) | RSI>50 | SL:10%,11922.265538618076,19.22265538618076,4.496747418317004,-43.121037149262754,0.2998795233191531,85,-37.29995500817043,56.52261039435118
4Y,EMA(9/21) | RSI>50 | SL:10%,11922.265538618076,19.22265538618076,4.496747418317004,-43.121037149262754,0.2998795233191531,85,-37.29995500817043,56.52261039435118
4Y,EMA(9/21) | RSI>50 | SL:10%,11922.265538618076,19.22265538618076,4.496747418317004,-43.121037149262754,0.2998795233191531,85,-37.29995500817043,56.52261039435118
4Y,EMA(9/21) | RSI>50 | SL:10%,11922.265538618076,19.22265538618076,4.496747418317004,-43.121037149262754,0.2998795233191531,85,-37.29995500817043,56.52261039435118
4Y,"EMA(9/21) | RSI>50 | SL:10% | Pivot(7,7)",11922.265538618076,19.22265538618076,4.496747418317004,-43.121037149262754,0.2998795233191531,85,-37.29995500817043,56.52261039435118
4Y,"EMA(9/21) | RSI>50 | SL:10% | Pivot(7,5)",11922.265538618076,19.22265538618076,4.496747418317004,-43.121037149262754,0.2998795233191531,85,-37.29995500817043,56.52261039435118
4Y,"EMA(9/21) | RSI>50 | SL:10% | Pivot(5,7)",11922.265538618076,19.22265538618076,4.496747418317004,-43.121037149262754,0.2998795233191531,85,-37.29995500817043,56.52261039435118
4Y,"EMA(9/21) | RSI>50 | SL:10% | Pivot(5,5)",11922.265538618076,19.22265538618076,4.496747418317004,-43.121037149262754,0.2998795233191531,85,-37.29995500817043,56.52261039435118
4Y,EMA(9/21) | SL:10%,11843.08526421717,18.4308526421717,4.322693991569415,-60.93943674382928,0.314884587132567,37,-38.09175775217948,56.52261039435118
4Y,EMA(9/21) | SL:10%,11843.08526421717,18.4308526421717,4.322693991569415,-60.93943674382928,0.314884587132567,37,-38.09175775217948,56.52261039435118
4Y,EMA(9/21) | SL:10%,11843.08526421717,18.4308526421717,4.322693991569415,-60.93943674382928,0.314884587132567,37,-38.09175775217948,56.52261039435118
4Y,EMA(9/21) | SL:10%,11843.08526421717,18.4308526421717,4.322693991569415,-60.93943674382928,0.314884587132567,37,-38.09175775217948,56.52261039435118
4Y,"EMA(9/21) | SL:10% | Pivot(7,7)",11843.08526421717,18.4308526421717,4.322693991569415,-60.93943674382928,0.314884587132567,37,-38.09175775217948,56.52261039435118
4Y,"EMA(9/21) | SL:10% | Pivot(7,5)",11843.08526421717,18.4308526421717,4.322693991569415,-60.93943674382928,0.314884587132567,37,-38.09175775217948,56.52261039435118
4Y,"EMA(9/21) | SL:10% | Pivot(5,7)",11843.08526421717,18.4308526421717,4.322693991569415,-60.93943674382928,0.314884587132567,37,-38.09175775217948,56.52261039435118
4Y,"EMA(9/21) | SL:10% | Pivot(5,5)",11843.08526421717,18.4308526421717,4.322693991569415,-60.93943674382928,0.314884587132567,37,-38.09175775217948,56.52261039435118
4Y,EMA(20),11479.503225543627,14.795032255436292,3.5120797383882074,-64.51499342743539,0.3046759741363286,56,-41.72757813891489,56.52261039435118
4Y,EMA(20),11479.503225543627,14.795032255436292,3.5120797383882074,-64.51499342743539,0.3046759741363286,56,-41.72757813891489,56.52261039435118
4Y,EMA(20),11479.503225543627,14.795032255436292,3.5120797383882074,-64.51499342743539,0.3046759741363286,56,-41.72757813891489,56.52261039435118
4Y,EMA(20),11479.503225543627,14.795032255436292,3.5120797383882074,-64.51499342743539,0.3046759741363286,56,-41.72757813891489,56.52261039435118
4Y,"EMA(20) | Pivot(7,7)",11479.503225543627,14.795032255436292,3.5120797383882074,-64.51499342743539,0.3046759741363286,56,-41.72757813891489,56.52261039435118
4Y,"EMA(20) | Pivot(7,5)",11479.503225543627,14.795032255436292,3.5120797383882074,-64.51499342743539,0.3046759741363286,56,-41.72757813891489,56.52261039435118
4Y,"EMA(20) | Pivot(5,7)",11479.503225543627,14.795032255436292,3.5120797383882074,-64.51499342743539,0.3046759741363286,56,-41.72757813891489,56.52261039435118
4Y,"EMA(20) | Pivot(5,5)",11479.503225543627,14.795032255436292,3.5120797383882074,-64.51499342743539,0.3046759741363286,56,-41.72757813891489,56.52261039435118
4Y,"EMA(20) | SL:15% | Pivot(5,5)",11479.503225543627,14.795032255436292,3.5120797383882074,-64.51499342743539,0.3046759741363286,56,-41.72757813891489,56.52261039435118
4Y,"EMA(20) | SL:15% | Pivot(5,7)",11479.503225543627,14.795032255436292,3.5120797383882074,-64.51499342743539,0.3046759741363286,56,-41.72757813891489,56.52261039435118
4Y,"EMA(20) | SL:15% | Pivot(7,5)",11479.503225543627,14.795032255436292,3.5120797383882074,-64.51499342743539,0.3046759741363286,56,-41.72757813891489,56.52261039435118
4Y,"EMA(20) | SL:15% | Pivot(7,7)",11479.503225543627,14.795032255436292,3.5120797383882074,-64.51499342743539,0.3046759741363286,56,-41.72757813891489,56.52261039435118
4Y,EMA(20) | SL:15%,11479.503225543627,14.795032255436292,3.5120797383882074,-64.51499342743539,0.3046759741363286,56,-41.72757813891489,56.52261039435118
4Y,EMA(20) | SL:15%,11479.503225543627,14.795032255436292,3.5120797383882074,-64.51499342743539,0.3046759741363286,56,-41.72757813891489,56.52261039435118
4Y,EMA(20) | SL:15%,11479.503225543627,14.795032255436292,3.5120797383882074,-64.51499342743539,0.3046759741363286,56,-41.72757813891489,56.52261039435118
4Y,EMA(20) | SL:15%,11479.503225543627,14.795032255436292,3.5120797383882074,-64.51499342743539,0.3046759741363286,56,-41.72757813891489,56.52261039435118
4Y,EMA(20) | SL:10%,9229.150227596969,-7.708497724030312,-1.9868237422191013,-68.51439292952757,0.1794040268231514,59,-64.2311081183815,56.52261039435118
4Y,EMA(20) | SL:10%,9229.150227596969,-7.708497724030312,-1.9868237422191013,-68.51439292952757,0.1794040268231514,59,-64.2311081183815,56.52261039435118
4Y,EMA(20) | SL:10%,9229.150227596969,-7.708497724030312,-1.9868237422191013,-68.51439292952757,0.1794040268231514,59,-64.2311081183815,56.52261039435118
4Y,EMA(20) | SL:10%,9229.150227596969,-7.708497724030312,-1.9868237422191013,-68.51439292952757,0.1794040268231514,59,-64.2311081183815,56.52261039435118
4Y,"EMA(20) | SL:10% | Pivot(7,7)",9229.150227596969,-7.708497724030312,-1.9868237422191013,-68.51439292952757,0.1794040268231514,59,-64.2311081183815,56.52261039435118
4Y,"EMA(20) | SL:10% | Pivot(7,5)",9229.150227596969,-7.708497724030312,-1.9868237422191013,-68.51439292952757,0.1794040268231514,59,-64.2311081183815,56.52261039435118
4Y,"EMA(20) | SL:10% | Pivot(5,7)",9229.150227596969,-7.708497724030312,-1.9868237422191013,-68.51439292952757,0.1794040268231514,59,-64.2311081183815,56.52261039435118
4Y,"EMA(20) | SL:10% | Pivot(5,5)",9229.150227596969,-7.708497724030312,-1.9868237422191013,-68.51439292952757,0.1794040268231514,59,-64.2311081183815,56.52261039435118
